id;nombre;ubicacion;fecha_creacion;fecha_modificacion;usuario_creacion;usuario_modificacion
1;toward when yearly;violent deep;2025-12-06T09:14:03;2025-12-06T18:56:30;rudely a;whoa
2;as duh underneath;greatly fast;2025-12-06T05:46:43;2025-12-06T01:57:09;offensively;spellcheck abaft enraged
3;like;meh;2025-12-06T18:01:37;2025-12-06T13:02:32;slimy soulful;improbable once unique
4;to merry boohoo;when before;2025-12-06T15:16:21;2025-12-06T16:19:43;ick warming across;repossess incidentally
5;poorly fall;depute;2025-12-06T13:12:54;2025-12-06T03:18:56;bah;whether among
6;what porter;madly;2025-12-06T10:49:06;2025-12-06T03:03:36;eventually testimonial;how
7;offensively lumpy whereas;flustered;2025-12-05T23:09:53;2025-12-06T08:49:35;equally indeed;enfold aboard
8;ignorance welcome;usher;2025-12-06T14:24:02;2025-12-06T19:17:09;huzzah;dredger summarise
9;correctly knife;nor because lazily;2025-12-06T12:54:42;2025-12-05T21:58:03;thorn rally;inasmuch
10;obligation round along;throughout whoa;2025-12-06T11:38:52;2025-12-06T16:41:47;how;submitter
